City_ID,City,Lat,Lng,Max Temp,Humidity,Cloudiness,Wind Speed,Country,Date
0,bethel,41.3712,-73.414,63.52,47,0,6.91,US,1700156335
1,starotitarovskaya,45.2136,37.1439,45.07,81,59,6.89,RU,1700156535
2,priob'ye,62.5206,65.5964,21.02,93,100,2.55,RU,1700156535
3,enewetak,11.3474,162.3373,83.03,81,95,20.71,MH,1700156537
4,antofagasta,-23.65,-70.4,65.48,68,99,9.55,CL,1700156538
5,blackmans bay,-43.0167,147.3167,45.52,84,65,3.87,AU,1700156539
6,lloydminster,53.2835,-110.0016,25.02,86,75,10.36,CA,1700156329
7,keflavik,64.0049,-22.5624,40.91,87,0,8.05,IS,1700156541
8,sola,-13.8833,167.55,78.24,79,97,16.78,VU,1700156543
9,port mathurin,-19.6833,63.4167,78.26,80,72,17.69,MU,1700156544
10,chonchi,-42.6128,-73.8092,55.11,98,100,10.6,CL,1700156545
11,ushuaia,-54.8,-68.3,49.66,46,75,13.0,AR,1700156475
12,gevas,38.2968,43.1083,46.0,57,85,6.55,TR,1700156547
13,savanna-la-mar,18.219,-78.1332,78.75,93,100,7.65,JM,1700156549
14,adamstown,-25.066,-130.1015,71.2,90,100,14.7,PN,1700156550
15,saipan,15.1355,145.701,81.3,83,40,12.66,MP,1700156551
16,chernomorskoye,45.5039,32.6997,51.96,57,66,23.4,UA,1700156552
17,susuman,62.7833,148.1667,-24.39,99,40,3.15,RU,1700156553
18,college,64.8569,-147.8028,17.46,87,75,0.0,US,1700156554
19,kerikeri,-35.2268,173.9474,59.92,92,98,9.82,NZ,1700156555
20,zeya,53.75,127.2667,18.48,71,98,4.05,RU,1700156556
21,cedeira,43.6797,-8.0209,57.27,75,100,5.88,ES,1700156557
22,shimoda,34.6667,138.95,55.11,86,98,2.59,JP,1700156558
23,fort mcmurray,56.7268,-111.381,20.79,79,0,9.22,CA,1700156559
24,guerrero negro,27.9769,-114.0611,70.27,83,100,6.6,MX,1700156382
25,rio grande,-32.035,-52.0986,87.91,49,30,9.15,BR,1700156563
26,hermanus,-34.4187,19.2345,63.82,90,74,4.9,ZA,1700156564
27,waitangi,-43.9535,-176.5597,57.81,93,98,7.0,NZ,1700156570
28,port elizabeth,-33.918,25.5701,67.32,93,100,16.11,ZA,1700156573
29,walvis bay,-22.9575,14.5053,70.09,70,29,5.5,NA,1700156574
30,puerto ayora,-0.7393,-90.3518,84.16,92,70,8.01,EC,1700156575
31,saint-philippe,-21.3585,55.7679,74.79,91,82,10.87,RE,1700156576
32,isafjordur,66.0755,-23.124,28.44,86,0,0.0,IS,1700156577
33,cooma,-36.2333,149.1333,42.69,85,98,7.52,AU,1700156578
34,holualoa,19.6228,-155.9522,68.77,76,20,0.0,US,1700156324
35,broken hill,-31.95,141.4333,57.18,40,71,16.33,AU,1700156460
36,klyuchi,52.2667,79.1667,43.99,61,100,7.81,RU,1700156581
37,kulhudhuffushi,6.6221,73.07,83.14,69,5,4.21,MV,1700156582
38,inyonga,-6.7167,32.0667,72.1,67,99,2.82,TZ,1700156583
39,lebu,-37.6167,-73.65,55.38,83,100,15.05,CL,1700156585
40,iqaluit,63.7506,-68.5145,29.93,80,100,26.46,CA,1700156586
41,egersund,58.4513,5.9997,36.09,79,100,15.01,NO,1700156587
42,feodosiya,45.0333,35.3833,50.47,75,45,16.71,UA,1700156588
43,atafu village,-8.5421,-172.5159,84.47,75,95,6.78,TK,1700156589
44,cabedelo,-6.9811,-34.8339,81.27,69,73,16.84,BR,1700156590
45,petropavlovsk-kamchatsky,53.0452,158.6483,17.46,75,0,14.0,RU,1700156591
46,abu zabad,12.35,29.25,81.88,25,13,12.01,SD,1700156592
47,qaqortoq,60.7167,-46.0333,25.09,79,93,8.05,GL,1700156593
48,acapulco de juarez,16.8634,-99.8901,87.62,74,40,4.61,MX,1700156594
49,nova sintra,14.8667,-24.7167,75.09,70,93,8.77,CV,1700156596
50,yellowknife,62.456,-114.3525,23.52,98,75,23.02,CA,1700156581
51,kodiak,57.79,-152.4072,40.51,52,0,16.11,US,1700156468
52,new norfolk,-42.7826,147.0587,46.71,93,86,3.15,AU,1700156599
53,nar'yan-mar,67.6713,53.087,16.11,96,100,5.99,RU,1700156600
54,longyearbyen,78.2186,15.6401,10.24,67,20,17.27,SJ,1700156601
55,christchurch,-43.5333,172.6333,61.54,71,100,5.75,NZ,1700156602
56,ilulissat,69.2167,-51.1,15.82,79,40,0.0,GL,1700156604
57,grytviken,-54.2811,-36.5092,35.08,99,100,9.17,GS,1700156605
58,tolanaro,-25.0319,46.9987,68.07,88,75,11.5,MG,1700156606
59,yuzhno-kurilsk,44.0306,145.8556,43.38,65,99,16.82,RU,1700156607
60,hamilton,39.1834,-84.5333,68.5,52,40,6.91,US,1700156394
61,afaahiti,-17.75,-149.2833,78.67,80,100,23.51,PF,1700156609
62,tiksi,71.6872,128.8694,6.03,95,100,6.38,RU,1700156610
63,avarua,-21.2078,-159.775,73.45,60,20,11.5,CK,1700156457
64,colonia,50.9333,6.95,46.81,85,20,4.61,DE,1700156612
65,san antonio de pale,-1.4014,5.6325,80.69,82,20,13.31,GQ,1700156613
66,stanley,54.868,-1.6985,43.52,96,20,2.3,GB,1700156614
67,kavieng,-2.5744,150.7967,81.3,78,47,7.27,PG,1700156615
68,port-aux-francais,-49.35,70.2167,42.1,86,100,35.41,TF,1700156617
69,olonkinbyen,70.9221,-8.7187,24.85,77,100,4.59,SJ,1700156619
70,happy valley-goose bay,53.3168,-60.3315,26.91,74,100,0.0,CA,1700156620
71,west island,-12.1568,96.8225,78.78,73,40,8.05,CC,1700156623
72,ust'-ilimsk,58.0006,102.6619,33.44,81,100,11.99,RU,1700156624
73,cacule,-14.5033,-42.2222,98.47,23,2,12.01,BR,1700156625
74,whitehorse,60.7161,-135.0538,32.77,64,20,11.5,CA,1700156457
75,hilo,19.7297,-155.09,70.61,88,100,5.75,US,1700156363
76,nova vicosa,-17.8919,-39.3719,83.32,63,25,17.05,BR,1700156628
77,margaret river,-33.95,115.0667,54.64,74,0,13.18,AU,1700156629
78,ribeira grande,38.5167,-28.7,70.2,94,75,25.01,PT,1700156630
79,brisas de zicatela,15.8369,-97.0419,86.52,58,40,10.36,MX,1700156631
80,uturoa,-16.7333,-151.4333,78.44,75,94,23.2,PF,1700156632
81,batticaloa,7.7102,81.6924,79.54,86,100,9.08,LK,1700156633
82,luanda,-8.8368,13.2343,84.2,70,40,10.36,AO,1700156548
83,dennery,13.8996,-60.8879,86.09,93,75,20.71,LC,1700156637
84,utrik,11.2278,169.8474,82.45,81,31,19.89,MH,1700156638
85,edinburgh of the seven seas,-37.0676,-12.3116,57.18,79,5,18.32,SH,1700156639
86,akureyri,65.6835,-18.0878,26.53,86,0,2.3,IS,1700156461
87,invercargill,-46.4,168.35,47.01,93,100,1.01,NZ,1700156641
88,alaghsas,17.0187,8.0168,87.69,16,4,16.11,NE,1700156642
89,ceeldheer,3.8488,47.1806,82.51,78,57,9.46,SO,1700156644
90,aransas pass,27.9095,-97.15,67.01,84,100,6.91,US,1700156471
91,dothan,31.2232,-85.3905,67.91,81,100,9.22,US,1700156646
92,nikolayevsk-on-amure,53.1406,140.73,19.15,89,100,1.48,RU,1700156647
93,shalqar,47.8333,59.6,44.55,70,100,5.73,KZ,1700156648
94,horta,38.5333,-28.6333,69.44,94,75,25.01,PT,1700156650
95,lianhe,47.1333,129.2667,19.33,98,100,1.9,CN,1700156651
96,callao,-12.0667,-77.15,71.89,68,40,8.05,PE,1700156652
97,sao geraldo do araguaia,-6.4006,-48.555,97.75,34,47,4.63,BR,1700156653
98,arona,28.0996,-16.681,77.9,50,0,23.02,ES,1700156654
99,zhigalovo,54.8097,105.1578,16.2,93,96,3.42,RU,1700156656
100,villa alemana,-33.0422,-71.3733,64.71,58,0,11.5,CL,1700156657
101,takoradi,4.8845,-1.7554,80.94,79,23,7.36,GH,1700156658
102,riohacha,11.5444,-72.9072,91.51,62,20,8.05,CO,1700156659
103,codrington,-38.2667,141.9667,49.35,79,57,7.65,AU,1700156660
104,lagos,6.5833,3.75,84.52,83,75,3.83,NG,1700156420
105,nyrob,60.733,56.7202,22.73,94,100,5.21,RU,1700156662
106,port-vila,-17.7338,168.3219,73.38,87,22,6.69,VU,1700156663
107,altay,47.8667,88.1167,28.17,52,0,8.1,CN,1700156665
108,ballycastle,55.2044,-6.243,48.22,90,100,8.77,GB,1700156666
109,jayapura,-2.5333,140.7,76.39,93,44,4.38,ID,1700156667
110,ataq,14.5377,46.8319,70.92,77,28,11.21,YE,1700156668
111,bonthe,7.5264,-12.505,81.84,79,14,9.89,SL,1700156669
112,sorong,-0.8833,131.25,79.68,84,39,7.99,ID,1700156671
113,cadale,2.7603,46.3222,83.48,75,39,10.98,SO,1700156672
114,gorgan,36.8387,54.4348,58.96,88,20,0.0,IR,1700156673
115,tsiombe,-25.3,45.4833,69.69,68,32,18.63,MG,1700156674
116,dryden,49.7833,-92.7503,37.69,60,100,10.36,CA,1700156571
117,maintirano,-18.0667,44.0167,78.44,73,3,6.42,MG,1700156676
118,westport,41.1415,-73.3579,65.28,50,1,3.0,US,1700156196
119,tura,25.5198,90.2201,67.86,94,100,2.91,IN,1700156679
120,thompson,55.7435,-97.8558,19.56,79,100,9.22,CA,1700156572
121,ghat,24.9647,10.1728,70.16,28,0,6.71,LY,1700156681
122,pangai,-19.8,-174.35,78.91,94,75,4.61,TO,1700156682
123,fale old settlement,-9.3852,-171.2468,84.38,74,82,7.52,TK,1700156684
124,mar del plata,-38.0023,-57.5575,71.83,66,20,16.11,AR,1700156624
125,oulad teima,30.3947,-9.209,74.48,37,11,7.07,MA,1700156687
126,sabang,5.8933,95.3214,81.75,78,95,6.33,ID,1700156688
127,pizhou,34.3114,117.9503,40.46,46,0,7.99,CN,1700156689
128,constantia,44.1833,28.65,50.7,58,55,6.62,RO,1700156646
129,quarai,-30.3875,-56.4514,83.05,54,51,8.86,BR,1700156433
130,eagle point,42.4726,-122.8028,56.59,93,0,0.0,US,1700156693
131,xilin hot,43.9667,116.0333,9.01,82,50,14.12,CN,1700156694
132,alesund,62.4723,6.1549,36.75,70,0,11.5,NO,1700156586
133,hasaki,35.7333,140.8333,54.28,68,100,19.77,JP,1700156696
134,constitucion,-35.3333,-72.4167,60.12,67,43,13.91,CL,1700156697
135,mili,6.0815,171.735,83.07,78,99,15.64,MH,1700156698
136,pisco,-13.7,-76.2167,70.02,78,0,10.36,PE,1700156700
137,ar ruways,24.1103,52.7306,80.58,63,96,15.01,AE,1700156701
138,formosa,-26.1775,-58.1781,80.58,78,100,5.75,AR,1700156702
139,umm kaddadah,13.6017,26.6876,78.3,26,32,12.62,SD,1700156704
140,hawaiian paradise park,19.5933,-154.9731,70.03,86,100,5.75,US,1700156705
141,egilsstadir,65.2653,-14.3948,28.31,100,75,2.3,IS,1700156706
142,totness,5.8833,-56.3167,86.25,65,24,10.4,SR,1700156707
143,al jawf,29.5,38.75,66.15,52,0,5.3,SA,1700156709
144,puerto santa,-8.9906,-78.6456,70.21,81,90,9.31,PE,1700156710
145,arraias,-12.9288,-46.9437,99.37,20,26,2.84,BR,1700156711
146,sandnessjoen,66.0217,12.6316,24.91,68,0,13.8,NO,1700156712
147,nioki,-2.7167,17.6833,74.41,96,97,1.95,CD,1700156713
148,vorgashor,67.5833,63.95,6.06,96,100,11.16,RU,1700156714
149,hadibu,12.65,54.0333,81.54,81,86,10.85,YE,1700156716
150,live oak,36.9836,-121.9805,65.82,84,0,5.01,US,1700156717
151,mukalla,14.5425,49.1242,80.58,81,30,8.48,YE,1700156718
152,san patricio,28.017,-97.5169,66.87,78,84,4.7,US,1700156719
153,dieppe,49.75,1.1667,45.19,93,100,12.3,FR,1700156721
154,quesnel,52.9999,-122.5029,28.9,74,100,9.22,CA,1700156722
155,huancavelica,-12.7667,-74.9833,53.83,51,99,6.87,PE,1700156723
156,aykhal,66.0,111.5,16.16,94,100,13.53,RU,1700156724
157,bizerte,37.2744,9.8739,68.0,77,0,3.44,TN,1700156726
158,malango,-2.9627,119.9001,67.32,98,96,3.0,ID,1700156727
159,kapa'a,22.0752,-159.319,74.1,78,0,17.27,US,1700156728
160,kuala terengganu,5.3302,103.1408,78.75,94,20,0.0,MY,1700156730
161,fada,9.5667,8.3,77.9,38,50,5.12,NG,1700156733
162,tazacorte,28.629,-17.9293,79.77,39,0,8.05,ES,1700156734
163,auki,-8.7676,160.7034,75.6,89,53,2.91,SB,1700156736
164,roma,43.2128,-75.4557,61.09,56,30,1.59,US,1700156737
165,burang,30.25,81.1667,26.56,52,0,2.01,CN,1700156738
166,vilyuchinsk,52.9306,158.4028,18.93,84,7,9.82,RU,1700156739
167,la ronge,55.1001,-105.2842,17.85,73,100,6.91,CA,1700156576
168,merizo village,13.2658,144.6691,82.96,88,100,16.84,GU,1700156741
169,kontcha,7.9667,12.2333,82.24,47,25,3.6,CM,1700156742
170,badger,64.8,-147.5333,18.36,88,40,0.0,US,1700156743
171,vila franca do campo,37.7167,-25.4333,70.88,99,100,19.66,PT,1700156744
172,camayenne,9.535,-13.6878,87.89,74,20,9.22,GN,1700156745
173,bridgewater,44.3835,-64.5155,56.82,65,69,13.8,CA,1700156747
174,al fuwayliq,26.4432,43.2534,66.92,53,0,10.13,SA,1700156748
175,port lincoln,-34.7333,135.8667,54.66,79,6,14.14,AU,1700156749
176,santarem,-2.4431,-54.7083,93.33,52,20,9.22,BR,1700156750
177,la passe,45.5549,-0.8967,56.98,80,78,18.19,FR,1700156751
178,labrador city,52.9463,-66.9114,30.11,74,75,8.05,CA,1700156723
179,dongola,19.1667,30.4833,75.96,26,34,12.12,SD,1700156753
180,haiku-pauwela,20.9219,-156.3051,73.04,82,20,10.36,US,1700156755
181,kristiansund,63.1115,7.732,27.25,74,0,0.0,NO,1700156756
182,papatowai,-46.5619,169.4708,44.51,94,100,9.22,NZ,1700156757
183,cold lake,54.4502,-110.2017,21.15,86,75,3.44,CA,1700156758
184,uruguaiana,-29.7547,-57.0883,84.13,54,75,13.8,BR,1700156760
185,port saint john's,-31.6229,29.5448,72.72,74,100,4.16,ZA,1700156761
186,kailua-kona,19.6406,-155.9956,73.51,74,20,1.99,US,1700156762
187,cole harbour,44.6724,-63.4751,52.97,64,100,14.97,CA,1700156763
188,tadjourah,12.0,42.5,79.21,68,50,9.75,DJ,1700156764
189,puerto natales,-51.7236,-72.4875,52.25,54,75,6.91,CL,1700156765
190,howard springs,-12.497,131.047,84.11,83,8,3.62,AU,1700156767
191,alice springs,-23.7,133.8833,65.75,100,100,14.97,AU,1700156768
192,hatvan,47.6667,19.6833,51.26,78,66,5.1,HU,1700156769
193,el jadid,33.2549,-8.506,67.82,77,67,12.64,MA,1700156770
194,weno,7.4515,151.8468,78.75,94,100,5.75,FM,1700156772
195,udachny,66.4167,112.4,14.41,95,100,6.91,RU,1700156773
196,jaguaruna,-28.615,-49.0256,73.8,94,100,4.27,BR,1700156774
197,gao,16.6362,1.637,83.61,14,0,11.81,ML,1700156775
198,itaueira,-7.6033,-43.0256,101.1,24,46,4.5,BR,1700156777
199,anadyr,64.75,177.4833,-7.01,76,0,15.66,RU,1700156778
200,aasiaat,68.7098,-52.8699,12.0,96,98,5.26,GL,1700156780
201,benghazi,32.1167,20.0667,73.04,72,10,8.99,LY,1700156781
202,syumsi,57.1111,51.6149,31.48,93,100,5.28,RU,1700156783
203,lihue,21.9789,-159.3672,73.36,70,0,17.27,US,1700156785
204,bosaso,11.2842,49.1816,82.8,77,74,2.46,SO,1700156786
205,sogndal,61.2283,7.1003,30.58,74,40,2.3,NO,1700156787
206,leh,34.1667,77.5833,33.15,36,95,2.28,IN,1700156788
207,bac lieu,9.285,105.7244,79.45,86,100,16.44,VN,1700156790
208,okhotsk,59.3833,143.3,-1.26,85,5,12.53,RU,1700156791
209,talcahuano,-36.7167,-73.1167,58.68,67,100,10.36,CL,1700156792
210,alo,7.4178,6.7371,82.17,55,37,1.68,NG,1700156793
211,tommot,58.9564,126.2925,-15.25,98,69,3.13,RU,1700156794
212,dunda,-8.1167,34.25,73.8,57,80,9.44,TZ,1700156795
213,san luis de la loma,17.2706,-100.8939,86.65,67,14,4.99,MX,1700156796
214,albany,42.6001,-73.9662,59.92,51,6,1.99,US,1700156630
215,beyneu,45.3167,55.2,52.95,81,98,11.56,KZ,1700156799
216,tabou,4.423,-7.3528,80.8,79,13,5.55,CI,1700156800
217,punta arenas,-53.15,-70.9167,51.82,66,75,9.22,CL,1700156687
218,aras-asan,8.8908,126.3033,77.81,85,95,6.71,PH,1700156802
219,palmer,42.1584,-72.3287,63.25,43,20,4.61,US,1700156803
220,port alfred,-33.5906,26.891,68.18,90,85,3.0,ZA,1700156804
221,minggang,32.4586,114.0486,44.42,51,0,8.16,CN,1700156805
222,balykshi,47.0667,51.8667,42.8,81,40,8.95,KZ,1700156806
223,hohhot,40.8106,111.6522,25.09,46,0,15.66,CN,1700156808
224,barcelos,41.5388,-8.6151,64.92,95,95,2.48,PT,1700156809
225,mineiros,-17.5694,-52.5511,101.08,18,38,8.32,BR,1700156539
226,tazovsky,67.4667,78.7,-2.09,99,11,8.57,RU,1700156811
227,ancud,-41.8697,-73.8203,51.84,97,100,21.92,CL,1700156812
228,noyabrsk,63.1994,75.4507,16.23,95,100,5.99,RU,1700156813
229,bilibino,68.0546,166.4372,-3.53,99,100,0.76,RU,1700156530
230,talnakh,69.4865,88.3972,11.21,95,100,9.17,RU,1700156815
231,kapuskasing,49.4169,-82.4331,42.89,49,100,19.57,CA,1700156816
232,east london,-33.0153,27.9116,65.34,88,0,10.36,ZA,1700156817
233,mbandjok,4.45,11.9,77.77,76,82,2.89,CM,1700156819
234,shanyang,26.6702,119.2051,40.14,92,20,4.52,CN,1700156820
235,howrah,22.5892,88.3103,73.4,88,75,8.05,IN,1700156822
236,nikol'sk,53.7189,46.0712,34.57,78,98,4.52,RU,1700156824
237,kormilovka,55.0026,74.1028,36.75,80,100,7.61,RU,1700156825
238,les anglais,18.3054,-74.2197,85.75,63,87,14.58,HT,1700156826
239,fuglafjordur,62.244,-6.814,39.67,65,38,13.22,FO,1700156827
240,severo-vostotchnyi bank,39.4112,49.2479,64.09,78,29,8.05,AZ,1700156605
241,pawayan,28.0667,80.1,67.98,52,1,3.38,IN,1700156830
242,graaff-reinet,-32.2522,24.5308,75.92,46,91,13.51,ZA,1700156831
243,tutoia,-2.7619,-42.2744,85.24,65,6,15.97,BR,1700156832
244,balabac,7.9868,117.0645,81.61,82,54,13.22,PH,1700156833
245,vorkuta,67.5,64.0,5.25,97,100,11.3,RU,1700156835
246,wailua homesteads,22.0669,-159.378,72.75,78,0,17.27,US,1700156836
247,bayanhongor,46.7167,100.1167,11.44,74,1,3.53,MN,1700156837
248,chibougamau,49.9168,-74.3659,37.02,65,20,11.5,CA,1700156838
249,tondano,1.3038,124.9112,68.09,90,90,2.1,ID,1700156839
250,at tall al kabir,30.5445,31.7853,70.47,65,0,6.44,EG,1700156841
251,mbabane,-26.3167,31.1333,64.53,72,60,3.6,SZ,1700156843
252,kone,-21.0595,164.8658,67.42,91,5,4.03,NC,1700156844
253,bredasdorp,-34.5322,20.0403,64.89,85,99,5.23,ZA,1700156845
254,paka,4.6374,103.4368,78.73,94,66,1.14,MY,1700156846
255,dudinka,69.4058,86.1778,11.62,96,97,10.74,RU,1700156848
256,saryozek,44.3583,77.9753,50.09,18,89,7.18,KZ,1700156849
257,konarka,19.9,86.1167,77.4,83,82,13.91,IN,1700156850
258,launceston,-41.45,147.1667,41.14,81,2,0.0,AU,1700156851
259,selfoss,63.9331,-20.9971,42.04,81,98,9.75,IS,1700156853
260,bamboo flat,11.7,92.7167,84.29,79,40,2.3,IN,1700156854
261,guajara mirim,-10.7828,-65.3394,95.16,49,20,8.05,BR,1700156855
262,tomatlan,19.9333,-105.25,90.1,56,43,4.79,MX,1700156856
263,awjilah,29.1081,21.2869,71.35,51,0,8.88,LY,1700156857
264,nemuro,43.3236,145.575,48.25,70,95,16.06,JP,1700156858
265,georgetown,5.4112,100.3354,82.02,92,20,4.61,MY,1700156860
266,kupang,-10.1667,123.5833,81.18,94,100,5.75,ID,1700156857
267,vernon,50.2581,-119.2691,35.29,88,41,3.44,CA,1700156862
268,sabzevar,36.2126,57.6819,60.51,26,96,4.16,IR,1700156863
269,al qadarif,14.0349,35.3834,86.76,33,16,9.33,SD,1700156864
270,hiratacho,35.4333,132.8167,53.62,85,100,15.21,JP,1700156865
271,manta,-0.95,-80.7333,82.18,69,40,14.97,EC,1700156866
272,palikir - national government center,6.9248,158.1611,77.74,94,75,3.44,FM,1700156867
273,tual,-5.6667,132.75,81.88,69,59,6.85,ID,1700156868
274,sitka,57.0531,-135.33,44.49,81,100,4.61,US,1700156869
275,paraiso,9.8383,-83.8656,77.09,86,78,1.95,CR,1700156870
276,novyy urgal,51.0736,132.5642,19.18,96,100,2.15,RU,1700156871
277,nadym,65.5333,72.5167,4.46,88,54,9.04,RU,1700156872
278,kirkuk,35.4681,44.3922,62.94,75,34,1.99,IQ,1700156873
279,king city,36.2127,-121.126,65.89,70,69,8.77,US,1700156875
280,hotan,37.0997,79.9269,38.32,27,31,1.68,CN,1700156876
281,sterling,39.0062,-77.4286,70.74,30,20,5.75,US,1700156669
282,huarmey,-10.0681,-78.1522,74.1,73,61,12.35,PE,1700156878
283,porto novo,6.4965,2.6036,85.82,78,100,4.99,BJ,1700156879
284,cabo san lucas,22.8909,-109.9124,87.51,54,20,3.44,MX,1700156881
285,sarny,51.338,26.6019,36.3,73,100,5.73,UA,1700156882
286,mount gambier,-37.8333,140.7667,45.14,90,61,4.45,AU,1700156883
287,pacific grove,36.6177,-121.9166,67.89,84,0,3.44,US,1700156885
288,novyy urengoy,66.0833,76.6333,2.1,88,21,9.73,RU,1700156855
289,saldanha,-33.0117,17.9442,71.65,93,80,10.18,ZA,1700156887
290,sangueya,10.7,-14.3667,83.55,69,2,6.55,GN,1700156888
291,las khorey,11.1595,48.1967,83.35,79,57,10.65,SO,1700156889
292,sorochinsk,52.4338,53.1583,39.76,95,87,6.22,RU,1700156890
293,boryeong,36.3493,126.5977,46.36,75,94,20.71,KR,1700156892
294,queenstown,-31.8976,26.8753,69.85,47,83,6.31,ZA,1700156893
295,mancio lima,-7.6142,-72.8958,86.07,74,75,8.05,BR,1700156894
296,mangrol,21.1167,70.1167,77.22,48,0,9.78,IN,1700156895
297,ugoofaaru,5.6667,73.0,83.21,70,27,3.98,MV,1700156896
298,xudat,41.631,48.681,54.99,84,100,6.4,AZ,1700156898
299,freeport,40.6576,-73.5832,65.41,50,0,8.05,US,1700156899
300,campo gallo,-26.5833,-62.85,91.94,36,100,10.16,AR,1700156900
301,denov,38.2667,67.9,64.35,13,58,6.46,UZ,1700156901
302,jamestown,42.097,-79.2353,63.46,44,0,9.22,US,1700156796
303,weiser,44.251,-116.9693,48.38,41,7,0.76,US,1700156905
304,opuwo,-18.0607,13.84,74.07,65,93,1.21,NA,1700156906
305,sydney,-33.8679,151.2073,62.71,83,75,23.02,AU,1700156690
306,nurabad,34.0734,47.9725,45.82,86,84,4.14,IR,1700156908
307,mandalgovi,45.7625,106.2708,19.78,70,0,4.63,MN,1700156909
308,mount pearl,47.5166,-52.7813,35.15,77,75,8.05,CA,1700156910
309,rongelap,11.1635,166.8941,82.35,82,46,20.02,MH,1700156912
310,saint-pierre,-21.3393,55.4781,75.56,94,75,17.27,RE,1700156913
311,hithadhoo,-0.6,73.0833,82.6,77,91,13.6,MV,1700156914
312,port hedland,-20.3167,118.5667,75.25,88,0,11.5,AU,1700156915
313,tulun,54.5611,100.5792,21.4,95,100,5.32,RU,1700156916
314,hawera,-39.5917,174.2833,58.23,92,100,15.39,NZ,1700156917
315,tramandai,-29.9847,-50.1336,73.42,82,99,3.69,BR,1700156919
316,igarka,67.4667,86.5833,-5.73,100,55,5.28,RU,1700156921
317,non sang,16.8687,102.5664,66.31,63,99,4.16,TH,1700156922
318,aleksandrovsk-sakhalinskiy,50.8975,142.1561,18.57,87,100,8.34,RU,1700156925
319,general pinedo,-27.3167,-61.2833,84.81,38,100,13.94,AR,1700156927
320,san felipe,10.3399,-68.7425,89.74,54,99,2.46,VE,1700156929
321,shakawe,-18.3667,21.85,83.91,29,89,1.79,BW,1700156930
322,basco,20.4487,121.9702,78.13,68,64,13.06,PH,1700156931
323,kotlas,61.2611,46.6556,23.05,93,87,5.99,RU,1700156932
324,nha trang,12.25,109.1833,82.4,92,87,11.32,VN,1700156934
325,barlig,17.0373,121.1038,59.65,92,91,2.48,PH,1700156935
326,antsohihy,-14.8796,47.9875,79.36,80,46,1.16,MG,1700156936
327,kargasok,59.0556,80.8572,31.96,100,100,5.01,RU,1700156937
328,pionerskiy,54.9508,20.2275,35.15,85,63,18.21,RU,1700156938
329,pakur,24.6333,87.85,72.28,72,100,4.16,IN,1700156939
330,luderitz,-26.6481,15.1594,66.58,75,26,5.61,NA,1700156940
331,dunedin,-45.8742,170.5036,50.81,93,100,5.01,NZ,1700156941
332,ormara,25.2088,64.6357,78.78,44,77,3.24,PK,1700156943
333,aripuana,-9.1667,-60.6333,106.47,18,3,3.85,BR,1700156944
334,pauini,-7.7136,-66.9764,103.78,27,18,5.5,BR,1700156945
335,hirara,24.8,125.2833,68.27,77,75,26.46,JP,1700156946
336,yicheng,31.3705,119.8703,45.34,66,0,9.37,CN,1700156947
337,las heras,-46.5419,-68.9359,66.22,31,100,29.33,AR,1700156948
338,phaltan,17.9833,74.4333,69.71,43,2,5.28,IN,1700156949
339,kabansk,52.0486,106.6528,18.45,85,80,6.11,RU,1700156951
340,noumea,-22.2763,166.4572,75.99,99,31,4.74,NC,1700156952
341,xinyuan,37.3,99.0,18.59,17,0,4.43,CN,1700156953
342,margate,51.3813,1.3862,47.7,90,100,8.01,GB,1700156622
343,cooper's town,26.8667,-77.5167,74.1,89,100,30.06,BS,1700156955
344,castillos,-34.1667,-53.8333,73.67,49,52,10.25,UY,1700156956
345,meulaboh,4.1363,96.1285,77.32,90,100,1.52,ID,1700156957
346,suva,-18.1416,178.4415,74.68,94,75,1.14,FJ,1700156729
347,luena,-11.7833,19.9167,66.38,94,0,3.44,AO,1700156960
348,tianshui,34.5439,105.6897,35.06,44,0,2.15,CN,1700156961
349,sungai penuh,-2.0833,101.3833,66.4,98,100,1.05,ID,1700156962
350,grand falls-windsor,48.9332,-55.6649,33.51,83,100,6.64,CA,1700156963
351,bodaybo,57.8506,114.1933,13.62,94,100,3.06,RU,1700156964
352,ust-nera,64.5667,143.2,-11.87,98,89,8.68,RU,1700156966
353,pandan,14.0453,124.1694,79.54,86,98,17.2,PH,1700156967
354,belokurikha,51.9959,84.9896,34.95,74,99,6.6,RU,1700156968
355,belle fourche,44.6714,-103.8522,48.51,45,80,15.82,US,1700156969
356,flying fish cove,-10.4217,105.6791,78.48,83,100,8.05,CX,1700156970
357,kutum,14.2,24.6667,71.28,27,35,10.18,SD,1700156971
358,grantsville,40.5999,-112.4644,51.58,83,75,0.0,US,1700156974
359,geraldton,-28.7667,114.6,66.61,48,0,9.22,AU,1700156975
360,mhamid,29.82,-5.72,75.78,16,0,9.13,MA,1700156976
361,puerto aysen,-45.4,-72.7,44.65,100,100,5.1,CL,1700156789
362,beacon square,28.2086,-82.7554,73.98,83,100,1.99,US,1700156978
363,fiditi,7.7136,3.9172,81.39,52,95,1.9,NG,1700156979
364,hammerfest,70.6634,23.6821,34.25,93,75,29.93,NO,1700156728
365,fortaleza,-3.7227,-38.5247,88.07,59,20,20.71,BR,1700156982
366,pimentel,-6.8367,-79.9342,77.29,61,0,13.8,PE,1700156983
367,shingu,33.7333,135.9833,61.68,79,100,11.59,JP,1700156984
368,arraial do cabo,-22.9661,-42.0278,96.76,62,0,18.41,BR,1700156985
369,nieul-sur-mer,46.2058,-1.1645,57.25,72,75,21.85,FR,1700156986
370,carnarvon,-24.8667,113.6333,71.22,81,0,10.8,AU,1700156987
371,armacao de buzios,-22.7469,-41.8817,96.96,73,16,23.35,BR,1700157117
372,ingersoll,43.0334,-80.883,57.81,69,86,11.92,CA,1700157121
373,paulden,34.8856,-112.4682,66.38,51,100,4.0,US,1700157122
374,shizunai-furukawacho,42.3339,142.3669,46.99,71,100,22.06,JP,1700156862
375,karungdong,5.8844,121.263,79.29,86,99,6.2,PH,1700157124
376,fisterra,42.9049,-9.2629,61.02,78,78,5.86,ES,1700157125
377,quimili,-27.6333,-62.4167,91.62,34,84,16.4,AR,1700157127
378,vadso,70.0744,29.7487,24.96,74,75,9.22,NO,1700157128
379,kingston,17.997,-76.7936,79.75,94,100,13.8,JM,1700156874
380,haimen,23.1935,116.6142,57.09,59,72,13.13,CN,1700157131
381,zouerate,22.7187,-12.4521,81.61,13,0,11.27,MR,1700157051
382,tukrah,32.5341,20.5791,70.83,77,5,4.61,LY,1700157133
383,aoulef,26.9667,1.0833,79.02,21,1,8.95,DZ,1700157135
384,minas de marcona,-15.2119,-75.1103,70.36,53,50,13.87,PE,1700157136
385,kaohsiung,22.6163,120.3133,69.75,73,40,12.66,TW,1700157137
386,mayqayyng,51.4625,75.7986,43.57,57,100,9.35,KZ,1700157138
387,springe,52.2085,9.5542,40.62,91,97,4.81,DE,1700157139
388,bokoro,12.3807,17.0568,88.12,20,44,13.4,TD,1700157141
389,krasnogvardeyskoye,45.8456,41.5186,47.95,87,100,1.74,RU,1700157142
390,isola di capo rizzuto,38.96,17.0933,63.18,82,0,3.44,IT,1700157143
391,eilat,29.5581,34.9482,76.84,36,0,9.22,IL,1700157145
392,mount isa,-20.7333,139.5,74.97,53,69,2.3,AU,1700157146
393,yulinshi,38.2906,109.7494,32.83,38,0,10.51,CN,1700157148
394,caribou,46.8606,-68.012,46.83,51,20,11.5,US,1700157150
395,olyokminsk,60.3736,120.4264,15.69,80,100,11.14,RU,1700157151
396,padangsidempuan,1.3667,99.2667,73.2,99,99,1.36,ID,1700157152
397,ghadamis,30.1337,9.5007,70.5,34,0,7.78,LY,1700157153
398,timbuktu,16.7735,-3.0074,87.67,13,71,10.18,ML,1700157155
399,whangarei,-35.7317,174.3239,59.07,93,80,3.94,NZ,1700157158
400,mundybash,53.211,87.2983,32.58,82,99,4.61,RU,1700157159
401,thal,35.4791,72.2439,41.32,44,0,7.76,PK,1700157162
402,ulladulla,-35.35,150.4667,56.77,81,100,15.46,AU,1700157163
403,satana,20.5833,74.2,68.47,42,0,1.97,IN,1700157164
404,wewak,-3.5534,143.6268,79.02,88,21,5.91,PG,1700157165
405,shalkar,47.8288,59.6258,44.49,70,100,5.75,KZ,1700157167
406,paita,-5.0892,-81.1144,75.7,70,78,18.01,PE,1700157168
407,khovd,48.0056,91.6419,20.44,78,5,2.3,MN,1700157169
408,sao jose da coroa grande,-8.8978,-35.1478,84.06,62,72,11.79,BR,1700157170
409,la rinconada,37.4873,-5.9826,73.04,59,0,1.14,ES,1700157171
410,vilyuysk,63.7553,121.6247,16.0,93,100,13.0,RU,1700157173
411,dhidhdhoo,6.8833,73.1,83.32,71,5,4.12,MV,1700157174
412,carrizo springs,28.5219,-99.8606,71.55,56,0,4.61,US,1700157175
413,san jose de guanipa,8.8872,-64.1651,89.2,52,32,9.95,VE,1700157176
414,marka,1.7159,44.7717,82.13,77,69,9.98,SO,1700157177
415,dalican,6.9667,124.4,73.8,97,99,0.89,PH,1700157179
416,minot,48.2325,-101.2963,35.71,80,100,17.27,US,1700157180
417,arauca,7.0847,-70.7591,91.36,62,20,2.3,CO,1700157181
418,khadan khak,30.7477,67.7085,52.93,30,85,3.38,PK,1700157183
419,sandpoint,48.2766,-116.5533,37.02,95,100,0.0,US,1700157117
420,breckenridge,32.7557,-98.9023,69.69,50,57,16.11,US,1700156953
421,la'ie,21.6477,-157.9253,76.96,73,84,7.0,US,1700157186
422,antsiranana,-12.2787,49.2917,78.62,72,40,12.86,MG,1700157187
423,bubaque,11.2833,-15.8333,83.3,70,4,9.71,GW,1700157188
424,fereydun kenar,36.6864,52.5225,67.3,76,29,6.71,IR,1700157190
425,san pedro de ycuamandiyu,-24.0917,-57.0764,109.18,20,58,7.96,PY,1700157191
426,cozumel,20.5083,-86.9458,82.94,81,6,8.01,MX,1700157128
427,prince rupert,54.3161,-130.3201,46.09,95,100,42.57,CA,1700157194
428,nieuw amsterdam,5.8833,-55.0833,80.62,86,40,5.75,SR,1700157196
429,sur,22.5667,59.5289,78.35,66,50,4.9,OM,1700157198
430,mahomet,40.1953,-88.4042,65.14,66,16,10.0,US,1700157200
431,khanty-mansiysk,61.0042,69.0019,32.11,100,75,2.24,RU,1700156943
432,wuda,39.4994,106.7117,32.72,29,0,5.14,CN,1700157202
433,pariaman,-0.619,100.12,78.85,90,99,2.64,ID,1700157204
434,saudarkrokur,65.7461,-19.6394,32.95,79,32,7.49,IS,1700157206
435,chegdomyn,51.1167,133.0167,19.76,94,100,1.01,RU,1700157207
436,sibiti,-3.6819,13.3499,71.4,96,97,0.78,CG,1700157208
437,mahibadhoo,3.7833,72.9667,83.37,69,25,0.38,MV,1700157210
438,sittwe,20.15,92.9,76.1,89,100,10.54,MM,1700157211
439,jhunjhunun,28.1307,75.4014,65.08,34,0,5.66,IN,1700157212
440,idfu,24.9803,32.8747,76.26,32,34,8.25,EG,1700157213
441,lufilufi,-13.8745,-171.5986,76.78,81,98,10.18,WS,1700157215
442,palu,-0.8917,119.8707,75.47,95,83,2.73,ID,1700157216
443,lazaro cardenas,17.9583,-102.2,86.85,69,19,4.54,MX,1700156938
444,sinabang,2.4803,96.3801,78.87,88,100,4.16,ID,1700157218
445,calama,-22.4667,-68.9333,75.69,12,0,21.85,CL,1700157219
446,st. john's,47.5649,-52.7093,35.98,77,75,8.05,CA,1700157115
447,mata-utu,-13.2816,-176.1745,83.62,76,100,4.94,WF,1700157221
448,delfzijl,53.33,6.9181,46.02,84,83,7.23,NL,1700157223
449,mejit,10.2753,170.8646,82.45,79,81,18.23,MH,1700157224
450,kapoeta,4.7717,33.5903,87.35,41,38,11.68,SS,1700157225
451,hirado,33.3597,129.5531,56.57,64,100,22.73,JP,1700157226
452,simanggang,1.2472,111.4528,76.98,94,89,1.14,MY,1700157227
453,homer,59.6425,-151.5483,40.87,83,100,9.33,US,1700157229
454,waingapu,-9.6567,120.2641,80.01,83,74,4.68,ID,1700157231
455,sierra grande,-41.606,-65.3557,76.12,20,77,28.79,AR,1700157232
456,ambovombe,-25.1667,46.0833,68.45,72,13,20.83,MG,1700157233
457,suruc,36.9761,38.425,61.74,78,72,9.69,TR,1700157234
458,the pas,53.8251,-101.2541,23.02,63,100,12.66,CA,1700157236
459,itoman,26.1247,127.6694,69.4,83,75,31.07,JP,1700157237
460,santa elena,-2.2333,-80.85,80.15,74,75,10.36,EC,1700157238
461,fort bragg,35.139,-79.006,73.81,53,100,6.91,US,1700157239
462,seosan,36.7817,126.4522,43.68,60,89,20.42,KR,1700157240
463,norilsk,69.3535,88.2027,11.43,93,100,9.55,RU,1700157241
464,bangjun,39.9911,117.2628,33.69,21,13,14.32,CN,1700157243
465,yuksekova,37.5736,44.2872,44.35,81,75,11.5,TR,1700157244
466,gadzhiyevo,69.2551,33.3362,18.73,92,81,13.73,RU,1700157245
467,tralee,52.2704,-9.7026,46.65,93,75,8.05,IE,1700157246
468,okahandja,-21.9833,16.9167,72.23,55,87,2.59,NA,1700157248
469,swan hill,-35.3378,143.5544,48.2,70,0,9.08,AU,1700157249
470,bodo,67.28,14.405,30.78,69,75,11.5,NO,1700157251
471,"laikit, laikit ii (dimembe)",1.4792,124.9735,72.45,100,40,1.14,ID,1700157252
472,tawau,4.2498,117.8871,75.33,85,79,4.61,MY,1700157254
473,port blair,11.6667,92.75,84.24,79,40,2.3,IN,1700157255
474,ketchikan,55.3422,-131.6461,48.67,93,100,19.57,US,1700157256
475,zaragoza,41.6561,-0.8773,67.48,66,75,8.05,ES,1700157114
476,touros,-5.1989,-35.4608,84.58,62,62,16.33,BR,1700157258
477,port augusta,-32.5,137.7667,57.31,58,4,8.16,AU,1700157260
478,korla,41.7597,86.1469,36.32,43,0,5.08,CN,1700157261
479,ulsteinvik,62.3432,5.8487,35.76,67,0,7.0,NO,1700157262
